id,title,province_id,created_at
1,تکاب,4,2021-08-20 21:24:21.000000
2,اندیشه,10,2021-08-20 21:24:21.000000
3,خواف,13,2021-08-20 21:24:21.000000
4,درگز,13,2021-08-20 21:24:21.000000
5,شوش,15,2021-08-20 21:24:21.000000
6,بیرم,19,2021-08-20 21:24:21.000000
7,دلبران,22,2021-08-20 21:24:21.000000
8,زرینه,22,2021-08-20 21:24:21.000000
9,دیشموک,25,2021-08-20 21:24:21.000000
10,بابلسر,29,2021-08-20 21:24:21.000000
11,زرنق,3,2021-08-20 21:24:21.000000
12,زنوز,3,2021-08-20 21:24:21.000000
13,سراب,3,2021-08-20 21:24:21.000000
14,سردرود,3,2021-08-20 21:24:21.000000
15,بهار,32,2021-08-20 21:24:21.000000
16,جوکار,32,2021-08-20 21:24:21.000000
17,رباط سنگ,13,2021-08-20 21:24:21.000000
18,شهمیرزاد,17,2021-08-20 21:24:21.000000
19,قایمیه,19,2021-08-20 21:24:21.000000
20,ارزوییه,23,2021-08-20 21:24:21.000000
21,مرجقل,27,2021-08-20 21:24:21.000000
22,درب گنبد,28,2021-08-20 21:24:21.000000
23,پل سفید,29,2021-08-20 21:24:21.000000
24,فامنین,32,2021-08-20 21:24:21.000000
25,قوشچی,4,2021-08-20 21:24:21.000000
26,آبش احمد,3,2021-08-20 21:24:21.000000
27,اچاچی,3,2021-08-20 21:24:21.000000
28,آذرشهر,3,2021-08-20 21:24:21.000000
29,اسکو,3,2021-08-20 21:24:21.000000
30,آقکند,3,2021-08-20 21:24:21.000000
31,اهر,3,2021-08-20 21:24:21.000000
32,ایلخچی,3,2021-08-20 21:24:21.000000
33,باسمنج,3,2021-08-20 21:24:21.000000
34,بخشایش,3,2021-08-20 21:24:21.000000
35,بستان آباد,3,2021-08-20 21:24:21.000000
36,بناب,3,2021-08-20 21:24:21.000000
37,بناب مرند,3,2021-08-20 21:24:21.000000
38,تبریز,3,2021-08-20 21:24:21.000000
39,ترک,3,2021-08-20 21:24:21.000000
40,ترکمانچای,3,2021-08-20 21:24:21.000000
41,تسوج,3,2021-08-20 21:24:21.000000
42,تیکمه داش,3,2021-08-20 21:24:21.000000
43,تیمورلو,3,2021-08-20 21:24:21.000000
44,جلفا,3,2021-08-20 21:24:21.000000
45,جوان قلعه,3,2021-08-20 21:24:21.000000
46,خاروانا,3,2021-08-20 21:24:21.000000
47,خامنه,3,2021-08-20 21:24:21.000000
48,خداجو(خراجو),3,2021-08-20 21:24:21.000000
49,خسروشاه,3,2021-08-20 21:24:21.000000
50,خمارلو,3,2021-08-20 21:24:21.000000
51,خواجه,3,2021-08-20 21:24:21.000000
52,دوزدوزان,3,2021-08-20 21:24:21.000000
53,سهند,3,2021-08-20 21:24:21.000000
54,سیس,3,2021-08-20 21:24:21.000000
55,سیه رود,3,2021-08-20 21:24:21.000000
56,شبستر,3,2021-08-20 21:24:21.000000
57,شربیان,3,2021-08-20 21:24:21.000000
58,شرفخانه,3,2021-08-20 21:24:21.000000
59,شندآباد,3,2021-08-20 21:24:21.000000
60,صوفیان,3,2021-08-20 21:24:21.000000
61,عجب شیر,3,2021-08-20 21:24:21.000000
62,قره آغاج,3,2021-08-20 21:24:21.000000
63,کشکسرای,3,2021-08-20 21:24:21.000000
64,کلوانق,3,2021-08-20 21:24:21.000000
65,کلیبر,3,2021-08-20 21:24:21.000000
66,کوزه کنان,3,2021-08-20 21:24:21.000000
67,گوگان,3,2021-08-20 21:24:21.000000
68,لیلان,3,2021-08-20 21:24:21.000000
69,مبارک شهر,3,2021-08-20 21:24:21.000000
70,مراغه,3,2021-08-20 21:24:21.000000
71,مرند,3,2021-08-20 21:24:21.000000
72,ملکان,3,2021-08-20 21:24:21.000000
73,ممقان,3,2021-08-20 21:24:21.000000
74,مهربان,3,2021-08-20 21:24:21.000000
75,میانه,3,2021-08-20 21:24:21.000000
76,نظرکهریزی,3,2021-08-20 21:24:21.000000
77,هادیشهر,3,2021-08-20 21:24:21.000000
78,هریس,3,2021-08-20 21:24:21.000000
79,هشترود,3,2021-08-20 21:24:21.000000
80,هوراند,3,2021-08-20 21:24:21.000000
81,وایقان,3,2021-08-20 21:24:21.000000
82,ورزقان,3,2021-08-20 21:24:21.000000
83,یامچی,3,2021-08-20 21:24:21.000000
84,ارومیه,4,2021-08-20 21:24:21.000000
85,اشنویه,4,2021-08-20 21:24:21.000000
86,آواجیق,4,2021-08-20 21:24:21.000000
87,ایواوغلی,4,2021-08-20 21:24:21.000000
88,باروق,4,2021-08-20 21:24:21.000000
89,بازرگان,4,2021-08-20 21:24:21.000000
90,بوکان,4,2021-08-20 21:24:21.000000
91,پلدشت,4,2021-08-20 21:24:21.000000
92,پیرانشهر,4,2021-08-20 21:24:21.000000
93,تازه شهر,4,2021-08-20 21:24:21.000000
94,چهاربرج,4,2021-08-20 21:24:21.000000
95,خلیفان,4,2021-08-20 21:24:21.000000
96,خوی,4,2021-08-20 21:24:21.000000
97,دیزج دیز,4,2021-08-20 21:24:21.000000
98,ربط,4,2021-08-20 21:24:21.000000
99,زرآباد,4,2021-08-20 21:24:21.000000
100,سردشت,4,2021-08-20 21:24:21.000000
101,سرو,4,2021-08-20 21:24:21.000000
102,سلماس,4,2021-08-20 21:24:21.000000
103,سیلوانه,4,2021-08-20 21:24:21.000000
104,سیمینه,4,2021-08-20 21:24:21.000000
105,سیه چشمه,4,2021-08-20 21:24:21.000000
106,شاهین دژ,4,2021-08-20 21:24:21.000000
107,شوط,4,2021-08-20 21:24:21.000000
108,فیرورق,4,2021-08-20 21:24:21.000000
109,قره ضیاءالدین,4,2021-08-20 21:24:21.000000
110,قطور,4,2021-08-20 21:24:21.000000
111,کشاورز,4,2021-08-20 21:24:21.000000
112,گردکشانه,4,2021-08-20 21:24:21.000000
113,ماکو,4,2021-08-20 21:24:21.000000
114,محمدیار,4,2021-08-20 21:24:21.000000
115,محمودآباد,4,2021-08-20 21:24:21.000000
116,مرگنلر,4,2021-08-20 21:24:21.000000
117,مهاباد,4,2021-08-20 21:24:21.000000
118,میاندوآب,4,2021-08-20 21:24:21.000000
119,میرآباد,4,2021-08-20 21:24:21.000000
120,نازک علیا,4,2021-08-20 21:24:21.000000
121,نالوس,4,2021-08-20 21:24:21.000000
122,نقده,4,2021-08-20 21:24:21.000000
123,نوشین,4,2021-08-20 21:24:21.000000
124,آبی بیگلو,5,2021-08-20 21:24:21.000000
125,اردبیل,5,2021-08-20 21:24:21.000000
126,اسلام اباد,5,2021-08-20 21:24:21.000000
127,اصلاندوز,5,2021-08-20 21:24:21.000000
128,بیله سوار,5,2021-08-20 21:24:21.000000
129,پارس آباد,5,2021-08-20 21:24:21.000000
130,تازه کند,5,2021-08-20 21:24:21.000000
131,تازه کندانگوت,5,2021-08-20 21:24:21.000000
132,جعفرآباد,5,2021-08-20 21:24:21.000000
133,خلخال,5,2021-08-20 21:24:21.000000
134,رضی,5,2021-08-20 21:24:21.000000
135,سرعین,5,2021-08-20 21:24:21.000000
136,عنبران,5,2021-08-20 21:24:21.000000
137,فخراباد,5,2021-08-20 21:24:21.000000
138,قصابه,5,2021-08-20 21:24:21.000000
139,کلور,5,2021-08-20 21:24:21.000000
140,کوراییم,5,2021-08-20 21:24:21.000000
141,گرمی,5,2021-08-20 21:24:21.000000
142,گیوی,5,2021-08-20 21:24:21.000000
143,لاهرود,5,2021-08-20 21:24:21.000000
144,مرادلو,5,2021-08-20 21:24:21.000000
145,مشگین شهر,5,2021-08-20 21:24:21.000000
146,نمین,5,2021-08-20 21:24:21.000000
147,نیر,5,2021-08-20 21:24:21.000000
148,هشتجین,5,2021-08-20 21:24:21.000000
149,هیر,5,2021-08-20 21:24:21.000000
150,ابریشم,6,2021-08-20 21:24:21.000000
151,ابوزیدآباد,6,2021-08-20 21:24:21.000000
152,آران وبیدگل,6,2021-08-20 21:24:21.000000
153,اردستان,6,2021-08-20 21:24:21.000000
154,اژیه,6,2021-08-20 21:24:21.000000
155,اصغرآباد,6,2021-08-20 21:24:21.000000
156,اصفهان,6,2021-08-20 21:24:21.000000
157,افوس,6,2021-08-20 21:24:21.000000
158,انارک,6,2021-08-20 21:24:21.000000
159,ایمانشهر,6,2021-08-20 21:24:21.000000
160,بادرود,6,2021-08-20 21:24:21.000000
161,باغ بهادران,6,2021-08-20 21:24:21.000000
162,باغشاد,6,2021-08-20 21:24:21.000000
163,بافران,6,2021-08-20 21:24:21.000000
164,برزک,6,2021-08-20 21:24:21.000000
165,برف انبار,6,2021-08-20 21:24:21.000000
166,بهاران شهر,6,2021-08-20 21:24:21.000000
167,بهارستان,6,2021-08-20 21:24:21.000000
168,بویین ومیاندشت,6,2021-08-20 21:24:21.000000
169,پیربکران,6,2021-08-20 21:24:21.000000
170,تودشک,6,2021-08-20 21:24:21.000000
171,تیران,6,2021-08-20 21:24:21.000000
172,جندق,6,2021-08-20 21:24:21.000000
173,جوزدان,6,2021-08-20 21:24:21.000000
174,جوشقان قالی,6,2021-08-20 21:24:21.000000
175,چادگان,6,2021-08-20 21:24:21.000000
176,چرمهین,6,2021-08-20 21:24:21.000000
177,چمگردان,6,2021-08-20 21:24:21.000000
178,حبیب آباد,6,2021-08-20 21:24:21.000000
179,حنا,6,2021-08-20 21:24:21.000000
180,خالدآباد,6,2021-08-20 21:24:21.000000
181,خمینی شهر,6,2021-08-20 21:24:21.000000
182,خوانسار,6,2021-08-20 21:24:21.000000
183,خور,6,2021-08-20 21:24:21.000000
184,خورزوق,6,2021-08-20 21:24:21.000000
185,داران,6,2021-08-20 21:24:21.000000
186,دامنه,6,2021-08-20 21:24:21.000000
187,درچه,6,2021-08-20 21:24:21.000000
188,دستگرد,6,2021-08-20 21:24:21.000000
189,دهاقان,6,2021-08-20 21:24:21.000000
190,دهق,6,2021-08-20 21:24:21.000000
191,دولت آباد,6,2021-08-20 21:24:21.000000
192,دیزیچه,6,2021-08-20 21:24:21.000000
193,رزوه,6,2021-08-20 21:24:21.000000
194,رضوانشهر,6,2021-08-20 21:24:21.000000
195,زازران,6,2021-08-20 21:24:21.000000
196,زاینده رود,6,2021-08-20 21:24:21.000000
197,زرین شهر,6,2021-08-20 21:24:21.000000
198,زواره,6,2021-08-20 21:24:21.000000
199,زیار,6,2021-08-20 21:24:21.000000
200,زیباشهر,6,2021-08-20 21:24:21.000000
201,سجزی,6,2021-08-20 21:24:21.000000
202,سده لنجان,6,2021-08-20 21:24:21.000000
203,سفیدشهر,6,2021-08-20 21:24:21.000000
204,سمیرم,6,2021-08-20 21:24:21.000000
205,سین,6,2021-08-20 21:24:21.000000
206,شاپورآباد,6,2021-08-20 21:24:21.000000
207,شاهین شهر,6,2021-08-20 21:24:21.000000
208,شهرضا,6,2021-08-20 21:24:21.000000
209,طالخونچه,6,2021-08-20 21:24:21.000000
210,طرق رود,6,2021-08-20 21:24:21.000000
211,عسگران,6,2021-08-20 21:24:21.000000
212,علویجه,6,2021-08-20 21:24:21.000000
213,فرخی,6,2021-08-20 21:24:21.000000
214,فریدونشهر,6,2021-08-20 21:24:21.000000
215,فلاورجان,6,2021-08-20 21:24:21.000000
216,فولادشهر,6,2021-08-20 21:24:21.000000
217,قمصر,6,2021-08-20 21:24:21.000000
218,قهجاورستان,6,2021-08-20 21:24:21.000000
219,قهدریجان,6,2021-08-20 21:24:21.000000
220,کاشان,6,2021-08-20 21:24:21.000000
221,کامو و چوگان,6,2021-08-20 21:24:21.000000
222,کرکوند,6,2021-08-20 21:24:21.000000
223,کلیشادوسودرجان,6,2021-08-20 21:24:21.000000
224,کمشچه,6,2021-08-20 21:24:21.000000
225,کمه,6,2021-08-20 21:24:21.000000
226,کهریزسنگ,6,2021-08-20 21:24:21.000000
227,کوشک,6,2021-08-20 21:24:21.000000
228,کوهپایه,6,2021-08-20 21:24:21.000000
229,گرگاب,6,2021-08-20 21:24:21.000000
230,گزبرخوار,6,2021-08-20 21:24:21.000000
231,گلپایگان,6,2021-08-20 21:24:21.000000
232,گلدشت,6,2021-08-20 21:24:21.000000
233,گلشن,6,2021-08-20 21:24:21.000000
234,گلشهر,6,2021-08-20 21:24:21.000000
235,گوگد,6,2021-08-20 21:24:21.000000
236,لای بید,6,2021-08-20 21:24:21.000000
237,مبارکه,6,2021-08-20 21:24:21.000000
238,مجلسی,6,2021-08-20 21:24:21.000000
239,محمدآباد,6,2021-08-20 21:24:21.000000
240,مشکات,6,2021-08-20 21:24:21.000000
241,منظریه,6,2021-08-20 21:24:21.000000
242,مهاباد,6,2021-08-20 21:24:21.000000
243,میمه,6,2021-08-20 21:24:21.000000
244,نایین,6,2021-08-20 21:24:21.000000
245,نجف آباد,6,2021-08-20 21:24:21.000000
246,نصرآباد,6,2021-08-20 21:24:21.000000
247,نطنز,6,2021-08-20 21:24:21.000000
248,نوش آباد,6,2021-08-20 21:24:21.000000
249,نیاسر,6,2021-08-20 21:24:21.000000
250,نیک آباد,6,2021-08-20 21:24:21.000000
251,هرند,6,2021-08-20 21:24:21.000000
252,ورزنه,6,2021-08-20 21:24:21.000000
253,ورنامخواست,6,2021-08-20 21:24:21.000000
254,وزوان,6,2021-08-20 21:24:21.000000
255,ونک,6,2021-08-20 21:24:21.000000
256,آسارا,7,2021-08-20 21:24:21.000000
257,اشتهارد,7,2021-08-20 21:24:21.000000
258,تنکمان,7,2021-08-20 21:24:21.000000
259,چهارباغ,7,2021-08-20 21:24:21.000000
260,شهرجدیدهشتگرد,7,2021-08-20 21:24:21.000000
261,طالقان,7,2021-08-20 21:24:21.000000
262,فردیس,7,2021-08-20 21:24:21.000000
263,کرج,7,2021-08-20 21:24:21.000000
264,کمال شهر,7,2021-08-20 21:24:21.000000
265,کوهسار,7,2021-08-20 21:24:21.000000
266,گرمدره,7,2021-08-20 21:24:21.000000
267,گلسار,7,2021-08-20 21:24:21.000000
268,ماهدشت,7,2021-08-20 21:24:21.000000
269,محمدشهر,7,2021-08-20 21:24:21.000000
270,مشکین دشت,7,2021-08-20 21:24:21.000000
271,نظرآباد,7,2021-08-20 21:24:21.000000
272,هشتگرد,7,2021-08-20 21:24:21.000000
273,آبدانان,8,2021-08-20 21:24:21.000000
274,ارکواز,8,2021-08-20 21:24:21.000000
275,آسمان آباد,8,2021-08-20 21:24:21.000000
276,ایوان,8,2021-08-20 21:24:21.000000
277,بدره,8,2021-08-20 21:24:21.000000
278,بلاوه,8,2021-08-20 21:24:21.000000
279,پهله,8,2021-08-20 21:24:21.000000
280,توحید,8,2021-08-20 21:24:21.000000
281,چوار,8,2021-08-20 21:24:21.000000
282,دره شهر,8,2021-08-20 21:24:21.000000
283,دلگشا,8,2021-08-20 21:24:21.000000
284,دهلران,8,2021-08-20 21:24:21.000000
285,زرنه,8,2021-08-20 21:24:21.000000
286,سراب باغ,8,2021-08-20 21:24:21.000000
287,سرابله,8,2021-08-20 21:24:21.000000
288,شباب,8,2021-08-20 21:24:21.000000
289,صالح آباد,8,2021-08-20 21:24:21.000000
290,لومار,8,2021-08-20 21:24:21.000000
291,ماژین,8,2021-08-20 21:24:21.000000
292,مهر,8,2021-08-20 21:24:21.000000
293,مهران,8,2021-08-20 21:24:21.000000
294,مورموری,8,2021-08-20 21:24:21.000000
295,موسیان,8,2021-08-20 21:24:21.000000
296,میمه,8,2021-08-20 21:24:21.000000
297,آب پخش,9,2021-08-20 21:24:21.000000
298,آباد,9,2021-08-20 21:24:21.000000
299,آبدان,9,2021-08-20 21:24:21.000000
300,امام حسن,9,2021-08-20 21:24:21.000000
301,انارستان,9,2021-08-20 21:24:21.000000
302,اهرم,9,2021-08-20 21:24:21.000000
303,بادوله,9,2021-08-20 21:24:21.000000
304,برازجان,9,2021-08-20 21:24:21.000000
305,بردخون,9,2021-08-20 21:24:21.000000
306,بردستان,9,2021-08-20 21:24:21.000000
307,بندردیر,9,2021-08-20 21:24:21.000000
308,بندردیلم,9,2021-08-20 21:24:21.000000
309,بندرریگ,9,2021-08-20 21:24:21.000000
310,بندرکنگان,9,2021-08-20 21:24:21.000000
311,بندرگناوه,9,2021-08-20 21:24:21.000000
312,بنک,9,2021-08-20 21:24:21.000000
313,بوشکان,9,2021-08-20 21:24:21.000000
314,بوشهر,9,2021-08-20 21:24:21.000000
315,تنگ ارم,9,2021-08-20 21:24:21.000000
316,جم,9,2021-08-20 21:24:21.000000
317,چغادک,9,2021-08-20 21:24:21.000000
318,خارک,9,2021-08-20 21:24:21.000000
319,خورموج,9,2021-08-20 21:24:21.000000
320,دالکی,9,2021-08-20 21:24:21.000000
321,دلوار,9,2021-08-20 21:24:21.000000
322,دوراهک,9,2021-08-20 21:24:21.000000
323,ریز,9,2021-08-20 21:24:21.000000
324,سعد آباد,9,2021-08-20 21:24:21.000000
325,سیراف,9,2021-08-20 21:24:21.000000
326,شبانکاره,9,2021-08-20 21:24:21.000000
327,شنبه,9,2021-08-20 21:24:21.000000
328,عالی شهر,9,2021-08-20 21:24:21.000000
329,عسلویه,9,2021-08-20 21:24:21.000000
330,کاکی,9,2021-08-20 21:24:21.000000
331,کلمه,9,2021-08-20 21:24:21.000000
332,نخل تقی,9,2021-08-20 21:24:21.000000
333,وحدتیه,9,2021-08-20 21:24:21.000000
334,آبسرد,10,2021-08-20 21:24:21.000000
335,آبعلی,10,2021-08-20 21:24:21.000000
336,احمد آباد مستوفی,10,2021-08-20 21:24:21.000000
337,ارجمند,10,2021-08-20 21:24:21.000000
338,اسلامشهر,10,2021-08-20 21:24:21.000000
339,ایلام,8,2021-08-20 21:24:21.000000
340,باغستان,10,2021-08-20 21:24:21.000000
341,باقرشهر,10,2021-08-20 21:24:21.000000
342,بومهن,10,2021-08-20 21:24:21.000000
343,پاکدشت,10,2021-08-20 21:24:21.000000
344,پردیس,10,2021-08-20 21:24:21.000000
345,پرند,10,2021-08-20 21:24:21.000000
346,پیشوا,10,2021-08-20 21:24:21.000000
347,تجریش,10,2021-08-20 21:24:21.000000
348,تهران,10,2021-08-20 21:24:21.000000
349,جوادآباد,10,2021-08-20 21:24:21.000000
350,چهاردانگه,10,2021-08-20 21:24:21.000000
351,حسن آباد,10,2021-08-20 21:24:21.000000
352,دماوند,10,2021-08-20 21:24:21.000000
353,رباطکریم,10,2021-08-20 21:24:21.000000
354,رودهن,10,2021-08-20 21:24:21.000000
355,ری,10,2021-08-20 21:24:21.000000
356,شاهدشهر,10,2021-08-20 21:24:21.000000
357,شریف آباد,10,2021-08-20 21:24:21.000000
358,شمشک,10,2021-08-20 21:24:21.000000
359,شهریار,10,2021-08-20 21:24:21.000000
360,صالحیه,10,2021-08-20 21:24:21.000000
361,صباشهر,10,2021-08-20 21:24:21.000000
362,صفادشت,10,2021-08-20 21:24:21.000000
363,فردوسیه,10,2021-08-20 21:24:21.000000
364,فرون اباد,10,2021-08-20 21:24:21.000000
365,فشم,10,2021-08-20 21:24:21.000000
366,فیروزکوه,10,2021-08-20 21:24:21.000000
367,قدس,10,2021-08-20 21:24:21.000000
368,قرچک,10,2021-08-20 21:24:21.000000
369,کهریزک,10,2021-08-20 21:24:21.000000
370,کیلان,10,2021-08-20 21:24:21.000000
371,گلستان,10,2021-08-20 21:24:21.000000
372,لواسان,10,2021-08-20 21:24:21.000000
373,نسیم شهر,10,2021-08-20 21:24:21.000000
374,نصیرشهر,10,2021-08-20 21:24:21.000000
375,وحیدیه,10,2021-08-20 21:24:21.000000
376,ورامین,10,2021-08-20 21:24:21.000000
377,اردل,11,2021-08-20 21:24:21.000000
378,آلونی,11,2021-08-20 21:24:21.000000
379,باباحیدر,11,2021-08-20 21:24:21.000000
380,بازفت,11,2021-08-20 21:24:21.000000
381,بروجن,11,2021-08-20 21:24:21.000000
382,بلداجی,11,2021-08-20 21:24:21.000000
383,بن,11,2021-08-20 21:24:21.000000
384,پردنجان,11,2021-08-20 21:24:21.000000
385,جونقان,11,2021-08-20 21:24:21.000000
386,چلگرد,11,2021-08-20 21:24:21.000000
387,چلیچه,11,2021-08-20 21:24:21.000000
388,دستنا,11,2021-08-20 21:24:21.000000
389,دشتک,11,2021-08-20 21:24:21.000000
390,سامان,11,2021-08-20 21:24:21.000000
391,سرخون,11,2021-08-20 21:24:21.000000
392,سردشت,11,2021-08-20 21:24:21.000000
393,سفیددشت,11,2021-08-20 21:24:21.000000
394,سودجان,11,2021-08-20 21:24:21.000000
395,سورشجان,11,2021-08-20 21:24:21.000000
396,شلمزار,11,2021-08-20 21:24:21.000000
397,شهرکرد,11,2021-08-20 21:24:21.000000
398,صمصامی,11,2021-08-20 21:24:21.000000
399,طاقانک,11,2021-08-20 21:24:21.000000
400,فارسان,11,2021-08-20 21:24:21.000000
401,فرادبنه,11,2021-08-20 21:24:21.000000
402,فرخ شهر,11,2021-08-20 21:24:21.000000
403,کاج,11,2021-08-20 21:24:21.000000
404,کیان,11,2021-08-20 21:24:21.000000
405,گندمان,11,2021-08-20 21:24:21.000000
406,گهرو,11,2021-08-20 21:24:21.000000
407,گوجان,11,2021-08-20 21:24:21.000000
408,لردگان,11,2021-08-20 21:24:21.000000
409,مال خلیفه,11,2021-08-20 21:24:21.000000
410,منج,11,2021-08-20 21:24:21.000000
411,ناغان,11,2021-08-20 21:24:21.000000
412,نافچ,11,2021-08-20 21:24:21.000000
413,نقنه,11,2021-08-20 21:24:21.000000
414,هارونی,11,2021-08-20 21:24:21.000000
415,هفشجان,11,2021-08-20 21:24:21.000000
416,وردنجان,11,2021-08-20 21:24:21.000000
417,ارسک,12,2021-08-20 21:24:21.000000
418,آرین شهر,12,2021-08-20 21:24:21.000000
419,اسدیه,12,2021-08-20 21:24:21.000000
420,اسفدن,12,2021-08-20 21:24:21.000000
421,اسلامیه,12,2021-08-20 21:24:21.000000
422,آیسک,12,2021-08-20 21:24:21.000000
423,بشرویه,12,2021-08-20 21:24:21.000000
424,بیرجند,12,2021-08-20 21:24:21.000000
425,حاجی آباد,12,2021-08-20 21:24:21.000000
426,خضری دشت بیاض,12,2021-08-20 21:24:21.000000
427,خوسف,12,2021-08-20 21:24:21.000000
428,دیهوک,12,2021-08-20 21:24:21.000000
429,زهان,12,2021-08-20 21:24:21.000000
430,سرایان,12,2021-08-20 21:24:21.000000
431,سربیشه,12,2021-08-20 21:24:21.000000
432,سه قلعه,12,2021-08-20 21:24:21.000000
433,شوسف,12,2021-08-20 21:24:21.000000
434,طبس,12,2021-08-20 21:24:21.000000
435,طبس مسینا,12,2021-08-20 21:24:21.000000
436,عشق آباد,12,2021-08-20 21:24:21.000000
437,فردوس,12,2021-08-20 21:24:21.000000
438,قاین,12,2021-08-20 21:24:21.000000
439,قهستان,12,2021-08-20 21:24:21.000000
440,گزیک,12,2021-08-20 21:24:21.000000
441,محمدشهر,12,2021-08-20 21:24:21.000000
442,مود,12,2021-08-20 21:24:21.000000
443,نهبندان,12,2021-08-20 21:24:21.000000
444,نیمبلوک,12,2021-08-20 21:24:21.000000
445,احمدابادصولت,13,2021-08-20 21:24:21.000000
446,انابد,13,2021-08-20 21:24:21.000000
447,باجگیران,13,2021-08-20 21:24:21.000000
448,باخرز,13,2021-08-20 21:24:21.000000
449,بار,13,2021-08-20 21:24:21.000000
450,بایک,13,2021-08-20 21:24:21.000000
451,بجستان,13,2021-08-20 21:24:21.000000
452,بردسکن,13,2021-08-20 21:24:21.000000
453,بیدخت,13,2021-08-20 21:24:21.000000
454,تایباد,13,2021-08-20 21:24:21.000000
455,تربت جام,13,2021-08-20 21:24:21.000000
456,تربت حیدریه,13,2021-08-20 21:24:21.000000
457,جغتای,13,2021-08-20 21:24:21.000000
458,جنگل,13,2021-08-20 21:24:21.000000
459,چاپشلو,13,2021-08-20 21:24:21.000000
460,چکنه,13,2021-08-20 21:24:21.000000
461,چناران,13,2021-08-20 21:24:21.000000
462,خرو,13,2021-08-20 21:24:21.000000
463,خلیل آباد,13,2021-08-20 21:24:21.000000
464,داورزن,13,2021-08-20 21:24:21.000000
465,درود,13,2021-08-20 21:24:21.000000
466,دولت آباد,13,2021-08-20 21:24:21.000000
467,رشتخوار,13,2021-08-20 21:24:21.000000
468,رضویه,13,2021-08-20 21:24:21.000000
469,روداب,13,2021-08-20 21:24:21.000000
470,ریوش,13,2021-08-20 21:24:21.000000
471,سبزوار,13,2021-08-20 21:24:21.000000
472,سرخس,13,2021-08-20 21:24:21.000000
473,سفیدسنگ,13,2021-08-20 21:24:21.000000
474,سلامی,13,2021-08-20 21:24:21.000000
475,سلطان آباد,13,2021-08-20 21:24:21.000000
476,سنگان,13,2021-08-20 21:24:21.000000
477,شادمهر,13,2021-08-20 21:24:21.000000
478,شاندیز,13,2021-08-20 21:24:21.000000
479,ششتمد,13,2021-08-20 21:24:21.000000
480,شهراباد,13,2021-08-20 21:24:21.000000
481,شهرزو,13,2021-08-20 21:24:21.000000
482,صالح آباد,13,2021-08-20 21:24:21.000000
483,طرقبه,13,2021-08-20 21:24:21.000000
484,عشق آباد,13,2021-08-20 21:24:21.000000
485,فرهادگرد,13,2021-08-20 21:24:21.000000
486,فریمان,13,2021-08-20 21:24:21.000000
487,فیروزه,13,2021-08-20 21:24:21.000000
488,فیض آباد,13,2021-08-20 21:24:21.000000
489,قاسم آباد,13,2021-08-20 21:24:21.000000
490,قدمگاه,13,2021-08-20 21:24:21.000000
491,قلندرآباد,13,2021-08-20 21:24:21.000000
492,قوچان,13,2021-08-20 21:24:21.000000
493,کاخک,13,2021-08-20 21:24:21.000000
494,کاریز,13,2021-08-20 21:24:21.000000
495,کاشمر,13,2021-08-20 21:24:21.000000
496,کدکن,13,2021-08-20 21:24:21.000000
497,کلات,13,2021-08-20 21:24:21.000000
498,کندر,13,2021-08-20 21:24:21.000000
499,گلبهار,13,2021-08-20 21:24:21.000000
500,گلمکان,13,2021-08-20 21:24:21.000000
501,گناباد,13,2021-08-20 21:24:21.000000
502,لطف آباد,13,2021-08-20 21:24:21.000000
503,مزدآوند,13,2021-08-20 21:24:21.000000
504,مشهد,13,2021-08-20 21:24:21.000000
505,مشهد ثامن,13,2021-08-20 21:24:21.000000
506,مشهدریزه,13,2021-08-20 21:24:21.000000
507,ملک آباد,13,2021-08-20 21:24:21.000000
508,نشتیفان,13,2021-08-20 21:24:21.000000
509,نصرآباد,13,2021-08-20 21:24:21.000000
510,نقاب,13,2021-08-20 21:24:21.000000
511,نوخندان,13,2021-08-20 21:24:21.000000
512,نیشابور,13,2021-08-20 21:24:21.000000
513,نیل شهر,13,2021-08-20 21:24:21.000000
514,همت آباد,13,2021-08-20 21:24:21.000000
515,یونسی,13,2021-08-20 21:24:21.000000
516,اسفراین,14,2021-08-20 21:24:21.000000
517,آشخانه,14,2021-08-20 21:24:21.000000
518,آوا,14,2021-08-20 21:24:21.000000
519,ایور,14,2021-08-20 21:24:21.000000
520,بجنورد,14,2021-08-20 21:24:21.000000
521,پیش قلعه,14,2021-08-20 21:24:21.000000
522,تیتکانلو,14,2021-08-20 21:24:21.000000
523,جاجرم,14,2021-08-20 21:24:21.000000
524,چناران شهر,14,2021-08-20 21:24:21.000000
525,حصارگرمخان,14,2021-08-20 21:24:21.000000
526,درق,14,2021-08-20 21:24:21.000000
527,راز,14,2021-08-20 21:24:21.000000
528,زیارت,14,2021-08-20 21:24:21.000000
529,سنخواست,14,2021-08-20 21:24:21.000000
530,شوقان,14,2021-08-20 21:24:21.000000
531,شیروان,14,2021-08-20 21:24:21.000000
532,صفی آباد,14,2021-08-20 21:24:21.000000
533,فاروج,14,2021-08-20 21:24:21.000000
534,قاضی,14,2021-08-20 21:24:21.000000
535,قوشخانه,14,2021-08-20 21:24:21.000000
536,گرمه,14,2021-08-20 21:24:21.000000
537,لوجلی,14,2021-08-20 21:24:21.000000
538,آبادان,15,2021-08-20 21:24:21.000000
539,آبژدان,15,2021-08-20 21:24:21.000000
540,ابوحمیظه,15,2021-08-20 21:24:21.000000
541,اروندکنار,15,2021-08-20 21:24:21.000000
542,آزادی,15,2021-08-20 21:24:21.000000
543,آغاجاری,15,2021-08-20 21:24:21.000000
544,الهایی,15,2021-08-20 21:24:21.000000
545,الوان,15,2021-08-20 21:24:21.000000
546,امیدیه,15,2021-08-20 21:24:21.000000
547,اندیمشک,15,2021-08-20 21:24:21.000000
548,اهواز,15,2021-08-20 21:24:21.000000
549,ایذه,15,2021-08-20 21:24:21.000000
550,باغ ملک,15,2021-08-20 21:24:21.000000
551,بستان,15,2021-08-20 21:24:21.000000
552,بندرامام خمینی,15,2021-08-20 21:24:21.000000
553,بندرماهشهر,15,2021-08-20 21:24:21.000000
554,بهبهان,15,2021-08-20 21:24:21.000000
555,بیدروبه,15,2021-08-20 21:24:21.000000
556,ترکالکی,15,2021-08-20 21:24:21.000000
557,تشان,15,2021-08-20 21:24:21.000000
558,جایزان,15,2021-08-20 21:24:21.000000
559,جنت مکان,15,2021-08-20 21:24:21.000000
560,چغامیش,15,2021-08-20 21:24:21.000000
561,چم گلک,15,2021-08-20 21:24:21.000000
562,چمران,15,2021-08-20 21:24:21.000000
563,چویبده,15,2021-08-20 21:24:21.000000
564,حسینیه,15,2021-08-20 21:24:21.000000
565,حمزه,15,2021-08-20 21:24:21.000000
566,حمیدیه,15,2021-08-20 21:24:21.000000
567,خرمشهر,15,2021-08-20 21:24:21.000000
568,خنافره,15,2021-08-20 21:24:21.000000
569,دارخوین,15,2021-08-20 21:24:21.000000
570,دزفول,15,2021-08-20 21:24:21.000000
571,دهدز,15,2021-08-20 21:24:21.000000
572,رامشیر,15,2021-08-20 21:24:21.000000
573,رامهرمز,15,2021-08-20 21:24:21.000000
574,رفیع,15,2021-08-20 21:24:21.000000
575,زهره,15,2021-08-20 21:24:21.000000
576,سالند,15,2021-08-20 21:24:21.000000
577,سرداران,15,2021-08-20 21:24:21.000000
578,سردشت,15,2021-08-20 21:24:21.000000
579,سماله,15,2021-08-20 21:24:21.000000
580,سوسنگرد,15,2021-08-20 21:24:21.000000
581,سیاه منصور,15,2021-08-20 21:24:21.000000
582,شادگان,15,2021-08-20 21:24:21.000000
583,شاوور,15,2021-08-20 21:24:21.000000
584,شرافت,15,2021-08-20 21:24:21.000000
585,حر,15,2021-08-20 21:24:21.000000
586,شمس آباد,15,2021-08-20 21:24:21.000000
587,شهر امام,15,2021-08-20 21:24:21.000000
588,شوشتر,15,2021-08-20 21:24:21.000000
589,شیبان,15,2021-08-20 21:24:21.000000
590,صالح شهر,15,2021-08-20 21:24:21.000000
591,صفی آباد,15,2021-08-20 21:24:21.000000
592,صیدون,15,2021-08-20 21:24:21.000000
593,فتح المبین,15,2021-08-20 21:24:21.000000
594,قلعه تل,15,2021-08-20 21:24:21.000000
595,قلعه خواجه,15,2021-08-20 21:24:21.000000
596,کوت سیدنعیم,15,2021-08-20 21:24:21.000000
597,کوت عبداله,15,2021-08-20 21:24:21.000000
598,گتوند,15,2021-08-20 21:24:21.000000
599,گلگیر,15,2021-08-20 21:24:21.000000
600,گوریه,15,2021-08-20 21:24:21.000000
601,لالی,15,2021-08-20 21:24:21.000000
602,مسجدسلیمان,15,2021-08-20 21:24:21.000000
603,مشراگه,15,2021-08-20 21:24:21.000000
604,مقاومت,15,2021-08-20 21:24:21.000000
605,ملاثانی,15,2021-08-20 21:24:21.000000
606,منصوریه,15,2021-08-20 21:24:21.000000
607,میانرود,15,2021-08-20 21:24:21.000000
608,میداود,15,2021-08-20 21:24:21.000000
609,مینوشهر,15,2021-08-20 21:24:21.000000
610,هفتگل,15,2021-08-20 21:24:21.000000
611,هندیجان,15,2021-08-20 21:24:21.000000
612,هویزه,15,2021-08-20 21:24:21.000000
613,ویس,15,2021-08-20 21:24:21.000000
614,آب بر,16,2021-08-20 21:24:21.000000
615,ابهر,16,2021-08-20 21:24:21.000000
616,ارمغانخانه,16,2021-08-20 21:24:21.000000
617,چورزق,16,2021-08-20 21:24:21.000000
618,حلب,16,2021-08-20 21:24:21.000000
619,خرمدره,16,2021-08-20 21:24:21.000000
620,دندی,16,2021-08-20 21:24:21.000000
621,زرین آباد,16,2021-08-20 21:24:21.000000
622,زرین رود,16,2021-08-20 21:24:21.000000
623,زنجان,16,2021-08-20 21:24:21.000000
624,سجاس,16,2021-08-20 21:24:21.000000
625,سلطانیه,16,2021-08-20 21:24:21.000000
626,سهرورد,16,2021-08-20 21:24:21.000000
627,صایین قلعه,16,2021-08-20 21:24:21.000000
628,قیدار,16,2021-08-20 21:24:21.000000
629,کرسف,16,2021-08-20 21:24:21.000000
630,گرماب,16,2021-08-20 21:24:21.000000
631,ماه نشان,16,2021-08-20 21:24:21.000000
632,نوربهار,16,2021-08-20 21:24:21.000000
633,نیک پی,16,2021-08-20 21:24:21.000000
634,هیدج,16,2021-08-20 21:24:21.000000
635,آرادان,17,2021-08-20 21:24:21.000000
636,امیریه,17,2021-08-20 21:24:21.000000
637,ایوانکی,17,2021-08-20 21:24:21.000000
638,بسطام,17,2021-08-20 21:24:21.000000
639,بیارجمند,17,2021-08-20 21:24:21.000000
640,دامغان,17,2021-08-20 21:24:21.000000
641,درجزین,17,2021-08-20 21:24:21.000000
642,دیباج,17,2021-08-20 21:24:21.000000
643,رودیان,17,2021-08-20 21:24:21.000000
644,سرخه,17,2021-08-20 21:24:21.000000
645,سمنان,17,2021-08-20 21:24:21.000000
646,شاهرود,17,2021-08-20 21:24:21.000000
647,ادیمی,18,2021-08-20 21:24:21.000000
648,اسپکه,18,2021-08-20 21:24:21.000000
649,ایرانشهر,18,2021-08-20 21:24:21.000000
650,بزمان,18,2021-08-20 21:24:21.000000
651,بمپور,18,2021-08-20 21:24:21.000000
652,بنجار,18,2021-08-20 21:24:21.000000
653,پیشین,18,2021-08-20 21:24:21.000000
654,جالق,18,2021-08-20 21:24:21.000000
655,چابهار,18,2021-08-20 21:24:21.000000
656,خاش,18,2021-08-20 21:24:21.000000
657,دوست محمد,18,2021-08-20 21:24:21.000000
658,راسک,18,2021-08-20 21:24:21.000000
659,زابل,18,2021-08-20 21:24:21.000000
660,زاهدان,18,2021-08-20 21:24:21.000000
661,زرآباد,18,2021-08-20 21:24:21.000000
662,زهک,18,2021-08-20 21:24:21.000000
663,سراوان,18,2021-08-20 21:24:21.000000
664,سرباز,18,2021-08-20 21:24:21.000000
665,سوران,18,2021-08-20 21:24:21.000000
666,سیرکان,18,2021-08-20 21:24:21.000000
667,شهرک علی اکبر,18,2021-08-20 21:24:21.000000
668,فنوج,18,2021-08-20 21:24:21.000000
669,قصرقند,18,2021-08-20 21:24:21.000000
670,کنارک,18,2021-08-20 21:24:21.000000
671,گشت,18,2021-08-20 21:24:21.000000
672,گلمورتی,18,2021-08-20 21:24:21.000000
673,محمدآباد,18,2021-08-20 21:24:21.000000
674,محمدان,18,2021-08-20 21:24:21.000000
675,محمدی,18,2021-08-20 21:24:21.000000
676,مهرستان,18,2021-08-20 21:24:21.000000
677,میرجاوه,18,2021-08-20 21:24:21.000000
678,نصرت آباد,18,2021-08-20 21:24:21.000000
679,نگور,18,2021-08-20 21:24:21.000000
680,نوک آباد,18,2021-08-20 21:24:21.000000
681,نیک شهر,18,2021-08-20 21:24:21.000000
682,هیدوچ,18,2021-08-20 21:24:21.000000
683,آباده,19,2021-08-20 21:24:21.000000
684,آباده طشک,19,2021-08-20 21:24:21.000000
685,اردکان,19,2021-08-20 21:24:21.000000
686,ارسنجان,19,2021-08-20 21:24:21.000000
687,استهبان,19,2021-08-20 21:24:21.000000
688,اسیر,19,2021-08-20 21:24:21.000000
689,اشکنان,19,2021-08-20 21:24:21.000000
690,افزر,19,2021-08-20 21:24:21.000000
691,اقلید,19,2021-08-20 21:24:21.000000
692,امام شهر,19,2021-08-20 21:24:21.000000
693,اهل,19,2021-08-20 21:24:21.000000
694,اوز,19,2021-08-20 21:24:21.000000
695,ایج,19,2021-08-20 21:24:21.000000
696,ایزدخواست,19,2021-08-20 21:24:21.000000
697,باب انار,19,2021-08-20 21:24:21.000000
698,بابامنیر,19,2021-08-20 21:24:21.000000
699,بالاده,19,2021-08-20 21:24:21.000000
700,بنارویه,19,2021-08-20 21:24:21.000000
701,بهمن,19,2021-08-20 21:24:21.000000
702,کلاته,17,2021-08-20 21:24:21.000000
703,کلاته خیج,17,2021-08-20 21:24:21.000000
704,کهن آباد,17,2021-08-20 21:24:21.000000
705,گرمسار,17,2021-08-20 21:24:21.000000
706,مجن,17,2021-08-20 21:24:21.000000
707,مهدی شهر,17,2021-08-20 21:24:21.000000
708,میامی,17,2021-08-20 21:24:21.000000
709,بنت,18,2021-08-20 21:24:21.000000
710,بوانات,19,2021-08-20 21:24:21.000000
711,بیضا,19,2021-08-20 21:24:21.000000
712,جنت شهر,19,2021-08-20 21:24:21.000000
713,جهرم,19,2021-08-20 21:24:21.000000
714,جویم,19,2021-08-20 21:24:21.000000
715,حاجی آباد,19,2021-08-20 21:24:21.000000
716,حسامی,19,2021-08-20 21:24:21.000000
717,حسن اباد,19,2021-08-20 21:24:21.000000
718,خانه زنیان,19,2021-08-20 21:24:21.000000
719,خانیمن,19,2021-08-20 21:24:21.000000
720,خاوران,19,2021-08-20 21:24:21.000000
721,خرامه,19,2021-08-20 21:24:21.000000
722,خشت,19,2021-08-20 21:24:21.000000
723,خنج,19,2021-08-20 21:24:21.000000
724,خور,19,2021-08-20 21:24:21.000000
725,خوزی,19,2021-08-20 21:24:21.000000
726,خومه زار,19,2021-08-20 21:24:21.000000
727,داراب,19,2021-08-20 21:24:21.000000
728,داریان,19,2021-08-20 21:24:21.000000
729,دبیران,19,2021-08-20 21:24:21.000000
730,دژکرد,19,2021-08-20 21:24:21.000000
731,دهرم,19,2021-08-20 21:24:21.000000
732,دوبرجی,19,2021-08-20 21:24:21.000000
733,دوزه,19,2021-08-20 21:24:21.000000
734,رامجرد,19,2021-08-20 21:24:21.000000
735,رونیز,19,2021-08-20 21:24:21.000000
736,زاهدشهر,19,2021-08-20 21:24:21.000000
737,زرقان,19,2021-08-20 21:24:21.000000
738,سده,19,2021-08-20 21:24:21.000000
739,سروستان,19,2021-08-20 21:24:21.000000
740,سعادت شهر,19,2021-08-20 21:24:21.000000
741,سلطان شهر,19,2021-08-20 21:24:21.000000
742,سورمق,19,2021-08-20 21:24:21.000000
743,سیدان,19,2021-08-20 21:24:21.000000
744,ششده,19,2021-08-20 21:24:21.000000
745,شهرپیر,19,2021-08-20 21:24:21.000000
746,شهرصدرا,19,2021-08-20 21:24:21.000000
747,شیراز,19,2021-08-20 21:24:21.000000
748,صغاد,19,2021-08-20 21:24:21.000000
749,صفاشهر,19,2021-08-20 21:24:21.000000
750,علامرودشت,19,2021-08-20 21:24:21.000000
751,عمادده,19,2021-08-20 21:24:21.000000
752,فدامی,19,2021-08-20 21:24:21.000000
753,فراشبند,19,2021-08-20 21:24:21.000000
754,فسا,19,2021-08-20 21:24:21.000000
755,فیروزآباد,19,2021-08-20 21:24:21.000000
756,قادراباد,19,2021-08-20 21:24:21.000000
757,قره بلاغ,19,2021-08-20 21:24:21.000000
758,قطب آباد,19,2021-08-20 21:24:21.000000
759,قطرویه,19,2021-08-20 21:24:21.000000
760,قیر,19,2021-08-20 21:24:21.000000
761,کارزین (فتح آباد),19,2021-08-20 21:24:21.000000
762,کازرون,19,2021-08-20 21:24:21.000000
763,کامفیروز,19,2021-08-20 21:24:21.000000
764,کره ای,19,2021-08-20 21:24:21.000000
765,کنارتخته,19,2021-08-20 21:24:21.000000
766,کوار,19,2021-08-20 21:24:21.000000
767,کوپن,19,2021-08-20 21:24:21.000000
768,کوهنجان,19,2021-08-20 21:24:21.000000
769,گراش,19,2021-08-20 21:24:21.000000
770,گله دار,19,2021-08-20 21:24:21.000000
771,لار,19,2021-08-20 21:24:21.000000
772,لامرد,19,2021-08-20 21:24:21.000000
773,لپویی,19,2021-08-20 21:24:21.000000
774,لطیفی,19,2021-08-20 21:24:21.000000
775,مادرسلیمان,19,2021-08-20 21:24:21.000000
776,مبارک آباددیز,19,2021-08-20 21:24:21.000000
777,مرودشت,19,2021-08-20 21:24:21.000000
778,مزایجان,19,2021-08-20 21:24:21.000000
779,مشکان,19,2021-08-20 21:24:21.000000
780,مصیری,19,2021-08-20 21:24:21.000000
781,مهر,19,2021-08-20 21:24:21.000000
782,میانشهر,19,2021-08-20 21:24:21.000000
783,میمند,19,2021-08-20 21:24:21.000000
784,نوبندگان,19,2021-08-20 21:24:21.000000
785,نوجین,19,2021-08-20 21:24:21.000000
786,نودان,19,2021-08-20 21:24:21.000000
787,نورآباد,19,2021-08-20 21:24:21.000000
788,نی ریز,19,2021-08-20 21:24:21.000000
789,هماشهر,19,2021-08-20 21:24:21.000000
790,وراوی,19,2021-08-20 21:24:21.000000
791,آبگرم,20,2021-08-20 21:24:21.000000
792,آبیک,20,2021-08-20 21:24:21.000000
793,ارداق,20,2021-08-20 21:24:21.000000
794,اسفرورین,20,2021-08-20 21:24:21.000000
795,اقبالیه,20,2021-08-20 21:24:21.000000
796,الوند,20,2021-08-20 21:24:21.000000
797,آوج,20,2021-08-20 21:24:21.000000
798,بویین زهرا,20,2021-08-20 21:24:21.000000
799,بیدستان,20,2021-08-20 21:24:21.000000
800,تاکستان,20,2021-08-20 21:24:21.000000
801,خاکعلی,20,2021-08-20 21:24:21.000000
802,خرمدشت,20,2021-08-20 21:24:21.000000
803,دانسفهان,20,2021-08-20 21:24:21.000000
804,رازمیان,20,2021-08-20 21:24:21.000000
805,سگزآباد,20,2021-08-20 21:24:21.000000
806,سیردان,20,2021-08-20 21:24:21.000000
807,شال,20,2021-08-20 21:24:21.000000
808,شریفیه,20,2021-08-20 21:24:21.000000
809,ضیاڈآباد,20,2021-08-20 21:24:21.000000
810,قزوین,20,2021-08-20 21:24:21.000000
811,کوهین,20,2021-08-20 21:24:21.000000
812,محمدیه,20,2021-08-20 21:24:21.000000
813,محمودآبادنمونه,20,2021-08-20 21:24:21.000000
814,معلم کلایه,20,2021-08-20 21:24:21.000000
815,نرجه,20,2021-08-20 21:24:21.000000
816,جعفریه,21,2021-08-20 21:24:21.000000
817,دستجرد,21,2021-08-20 21:24:21.000000
818,سلفچگان,21,2021-08-20 21:24:21.000000
819,قم,21,2021-08-20 21:24:21.000000
820,قنوات,21,2021-08-20 21:24:21.000000
821,کهک,21,2021-08-20 21:24:21.000000
822,آرمرده,22,2021-08-20 21:24:21.000000
823,اورامان تخت,22,2021-08-20 21:24:21.000000
824,بابارشانی,22,2021-08-20 21:24:21.000000
825,بانه,22,2021-08-20 21:24:21.000000
826,برده رشه,22,2021-08-20 21:24:21.000000
827,بلبان آباد,22,2021-08-20 21:24:21.000000
828,بویین سفلی,22,2021-08-20 21:24:21.000000
829,بیجار,22,2021-08-20 21:24:21.000000
830,پیرتاج,22,2021-08-20 21:24:21.000000
831,توپ آغاج,22,2021-08-20 21:24:21.000000
832,چناره,22,2021-08-20 21:24:21.000000
833,دزج,22,2021-08-20 21:24:21.000000
834,دهگلان,22,2021-08-20 21:24:21.000000
835,دیواندره,22,2021-08-20 21:24:21.000000
836,سروآباد,22,2021-08-20 21:24:21.000000
837,سریش آباد,22,2021-08-20 21:24:21.000000
838,سقز,22,2021-08-20 21:24:21.000000
839,سنندج,22,2021-08-20 21:24:21.000000
840,شویشه,22,2021-08-20 21:24:21.000000
841,صاحب,22,2021-08-20 21:24:21.000000
842,قروه,22,2021-08-20 21:24:21.000000
843,کامیاران,22,2021-08-20 21:24:21.000000
844,کانی دینار,22,2021-08-20 21:24:21.000000
845,کانی سور,22,2021-08-20 21:24:21.000000
846,مریوان,22,2021-08-20 21:24:21.000000
847,موچش,22,2021-08-20 21:24:21.000000
848,یاسوکند,22,2021-08-20 21:24:21.000000
849,اختیارآباد,23,2021-08-20 21:24:21.000000
850,امین شهر,23,2021-08-20 21:24:21.000000
851,انار,23,2021-08-20 21:24:21.000000
852,اندوهجرد,23,2021-08-20 21:24:21.000000
853,باغین,23,2021-08-20 21:24:21.000000
854,بافت,23,2021-08-20 21:24:21.000000
855,بردسیر,23,2021-08-20 21:24:21.000000
856,بروات,23,2021-08-20 21:24:21.000000
857,بزنجان,23,2021-08-20 21:24:21.000000
858,بلورد,23,2021-08-20 21:24:21.000000
859,بلوک,23,2021-08-20 21:24:21.000000
860,بم,23,2021-08-20 21:24:21.000000
861,بهرمان,23,2021-08-20 21:24:21.000000
862,پاریز,23,2021-08-20 21:24:21.000000
863,جبالبارز,23,2021-08-20 21:24:21.000000
864,جوپار,23,2021-08-20 21:24:21.000000
865,جوزم,23,2021-08-20 21:24:21.000000
866,جیرفت,23,2021-08-20 21:24:21.000000
867,چترود,23,2021-08-20 21:24:21.000000
868,خاتون اباد,23,2021-08-20 21:24:21.000000
869,خانوک,23,2021-08-20 21:24:21.000000
870,خواجو شهر,23,2021-08-20 21:24:21.000000
871,خورسند,23,2021-08-20 21:24:21.000000
872,درب بهشت,23,2021-08-20 21:24:21.000000
873,دشتکار,23,2021-08-20 21:24:21.000000
874,دهج,23,2021-08-20 21:24:21.000000
875,دوساری,23,2021-08-20 21:24:21.000000
876,رابر,23,2021-08-20 21:24:21.000000
877,راور,23,2021-08-20 21:24:21.000000
878,راین,23,2021-08-20 21:24:21.000000
879,رفسنجان,23,2021-08-20 21:24:21.000000
880,رودبار,23,2021-08-20 21:24:21.000000
881,ریحان,23,2021-08-20 21:24:21.000000
882,زرند,23,2021-08-20 21:24:21.000000
883,زنگی آباد,23,2021-08-20 21:24:21.000000
884,زهکلوت,23,2021-08-20 21:24:21.000000
885,زیدآباد,23,2021-08-20 21:24:21.000000
886,سیرجان,23,2021-08-20 21:24:21.000000
887,شهداد,23,2021-08-20 21:24:21.000000
888,شهربابک,23,2021-08-20 21:24:21.000000
889,صفاییه,23,2021-08-20 21:24:21.000000
890,عنبرآباد,23,2021-08-20 21:24:21.000000
891,فاریاب,23,2021-08-20 21:24:21.000000
892,فهرج,23,2021-08-20 21:24:21.000000
893,قلعه گنج,23,2021-08-20 21:24:21.000000
894,کاظم آباد,23,2021-08-20 21:24:21.000000
895,کرمان,23,2021-08-20 21:24:21.000000
896,کشکوییه,23,2021-08-20 21:24:21.000000
897,کهنوج,23,2021-08-20 21:24:21.000000
898,کوهبنان,23,2021-08-20 21:24:21.000000
899,کیانشهر,23,2021-08-20 21:24:21.000000
900,گلباف,23,2021-08-20 21:24:21.000000
901,گلزار,23,2021-08-20 21:24:21.000000
902,گنبکی,23,2021-08-20 21:24:21.000000
903,لاله زار,23,2021-08-20 21:24:21.000000
904,ماهان,23,2021-08-20 21:24:21.000000
905,محمدآباد,23,2021-08-20 21:24:21.000000
906,محی آباد,23,2021-08-20 21:24:21.000000
907,مردهک,23,2021-08-20 21:24:21.000000
908,مس سرچشمه,23,2021-08-20 21:24:21.000000
909,منوجان,23,2021-08-20 21:24:21.000000
910,نجف شهر,23,2021-08-20 21:24:21.000000
911,نرماشیر,23,2021-08-20 21:24:21.000000
912,نظام شهر,23,2021-08-20 21:24:21.000000
913,نگار,23,2021-08-20 21:24:21.000000
914,نودژ,23,2021-08-20 21:24:21.000000
915,هجدک,23,2021-08-20 21:24:21.000000
916,هماشهر,23,2021-08-20 21:24:21.000000
917,هنزا,23,2021-08-20 21:24:21.000000
918,یزدان شهر,23,2021-08-20 21:24:21.000000
919,ازگله,24,2021-08-20 21:24:21.000000
920,اسلام آبادغرب,24,2021-08-20 21:24:21.000000
921,بانوره,24,2021-08-20 21:24:21.000000
922,باینگان,24,2021-08-20 21:24:21.000000
923,بیستون,24,2021-08-20 21:24:21.000000
924,پاوه,24,2021-08-20 21:24:21.000000
925,تازه آباد,24,2021-08-20 21:24:21.000000
926,جوانرود,24,2021-08-20 21:24:21.000000
927,حمیل,24,2021-08-20 21:24:21.000000
928,رباط,24,2021-08-20 21:24:21.000000
929,روانسر,24,2021-08-20 21:24:21.000000
930,ریجاب,24,2021-08-20 21:24:21.000000
931,سرپل ذهاب,24,2021-08-20 21:24:21.000000
932,سرمست,24,2021-08-20 21:24:21.000000
933,سطر,24,2021-08-20 21:24:21.000000
934,سنقر,24,2021-08-20 21:24:21.000000
935,سومار,24,2021-08-20 21:24:21.000000
936,شاهو,24,2021-08-20 21:24:21.000000
937,صحنه,24,2021-08-20 21:24:21.000000
938,قصرشیرین,24,2021-08-20 21:24:21.000000
939,کرمانشاه,24,2021-08-20 21:24:21.000000
940,کرند,24,2021-08-20 21:24:21.000000
941,کنگاور,24,2021-08-20 21:24:21.000000
942,کوزران,24,2021-08-20 21:24:21.000000
943,گهواره,24,2021-08-20 21:24:21.000000
944,گودین,24,2021-08-20 21:24:21.000000
945,گیلانغرب,24,2021-08-20 21:24:21.000000
946,میان راهان,24,2021-08-20 21:24:21.000000
947,نودشه,24,2021-08-20 21:24:21.000000
948,نوسود,24,2021-08-20 21:24:21.000000
949,هرسین,24,2021-08-20 21:24:21.000000
950,هلشی,24,2021-08-20 21:24:21.000000
951,باشت,25,2021-08-20 21:24:21.000000
952,پاتاوه,25,2021-08-20 21:24:21.000000
953,چرام,25,2021-08-20 21:24:21.000000
954,چیتاب,25,2021-08-20 21:24:21.000000
955,دهدشت,25,2021-08-20 21:24:21.000000
956,دوگنبدان,25,2021-08-20 21:24:21.000000
957,سرفاریاب,25,2021-08-20 21:24:21.000000
958,سوق,25,2021-08-20 21:24:21.000000
959,سی سخت,25,2021-08-20 21:24:21.000000
960,قلعه رییسی,25,2021-08-20 21:24:21.000000
961,گراب سفلی,25,2021-08-20 21:24:21.000000
962,لنده,25,2021-08-20 21:24:21.000000
963,لیکک,25,2021-08-20 21:24:21.000000
964,مادوان,25,2021-08-20 21:24:21.000000
965,مارگون,25,2021-08-20 21:24:21.000000
966,یاسوج,25,2021-08-20 21:24:21.000000
967,آزادشهر,26,2021-08-20 21:24:21.000000
968,آق قلا,26,2021-08-20 21:24:21.000000
969,انبارآلوم,26,2021-08-20 21:24:21.000000
970,اینچه برون,26,2021-08-20 21:24:21.000000
971,بندرترکمن,26,2021-08-20 21:24:21.000000
972,بندرگز,26,2021-08-20 21:24:21.000000
973,تاتارعلیا,26,2021-08-20 21:24:21.000000
974,جلین,26,2021-08-20 21:24:21.000000
975,خان ببین,26,2021-08-20 21:24:21.000000
976,دلند,26,2021-08-20 21:24:21.000000
977,رامیان,26,2021-08-20 21:24:21.000000
978,سرخنکلاته,26,2021-08-20 21:24:21.000000
979,سنگدوین,26,2021-08-20 21:24:21.000000
980,سیمین شهر,26,2021-08-20 21:24:21.000000
981,علی اباد,26,2021-08-20 21:24:21.000000
982,فاضل آباد,26,2021-08-20 21:24:21.000000
983,فراغی,26,2021-08-20 21:24:21.000000
984,کردکوی,26,2021-08-20 21:24:21.000000
985,کلاله,26,2021-08-20 21:24:21.000000
986,گالیکش,26,2021-08-20 21:24:21.000000
987,گرگان,26,2021-08-20 21:24:21.000000
988,گمیش تپه,26,2021-08-20 21:24:21.000000
989,گنبدکاووس,26,2021-08-20 21:24:21.000000
990,مراوه,26,2021-08-20 21:24:21.000000
991,مزرعه,26,2021-08-20 21:24:21.000000
992,مینودشت,26,2021-08-20 21:24:21.000000
993,نگین شهر,26,2021-08-20 21:24:21.000000
994,نوده خاندوز,26,2021-08-20 21:24:21.000000
995,نوکنده,26,2021-08-20 21:24:21.000000
996,احمدسرگوراب,27,2021-08-20 21:24:21.000000
997,اسالم,27,2021-08-20 21:24:21.000000
998,آستارا,27,2021-08-20 21:24:21.000000
999,آستانه اشرفیه,27,2021-08-20 21:24:21.000000
1000,اطاقور,27,2021-08-20 21:24:21.000000
1001,املش,27,2021-08-20 21:24:21.000000
1002,بازار جمعه,27,2021-08-20 21:24:21.000000
1003,بره سر,27,2021-08-20 21:24:21.000000
1004,بندرانزلی,27,2021-08-20 21:24:21.000000
1005,پره سر,27,2021-08-20 21:24:21.000000
1006,توتکابن,27,2021-08-20 21:24:21.000000
1007,جیرنده,27,2021-08-20 21:24:21.000000
1008,چابکسر,27,2021-08-20 21:24:21.000000
1009,چاف و چمخاله,27,2021-08-20 21:24:21.000000
1010,چوبر,27,2021-08-20 21:24:21.000000
1011,حویق,27,2021-08-20 21:24:21.000000
1012,خشکبیجار,27,2021-08-20 21:24:21.000000
1013,خمام,27,2021-08-20 21:24:21.000000
1014,دیلمان,27,2021-08-20 21:24:21.000000
1015,رانکوه,27,2021-08-20 21:24:21.000000
1016,رحیم آباد,27,2021-08-20 21:24:21.000000
1017,رستم آباد,27,2021-08-20 21:24:21.000000
1018,رشت,27,2021-08-20 21:24:21.000000
1019,رضوانشهر,27,2021-08-20 21:24:21.000000
1020,رودبار,27,2021-08-20 21:24:21.000000
1021,رودبنه,27,2021-08-20 21:24:21.000000
1022,رودسر,27,2021-08-20 21:24:21.000000
1023,سنگر,27,2021-08-20 21:24:21.000000
1024,سیاهکل,27,2021-08-20 21:24:21.000000
1025,شفت,27,2021-08-20 21:24:21.000000
1026,شلمان,27,2021-08-20 21:24:21.000000
1027,صومعه سرا,27,2021-08-20 21:24:21.000000
1028,فومن,27,2021-08-20 21:24:21.000000
1029,کلاچای,27,2021-08-20 21:24:21.000000
1030,کوچصفهان,27,2021-08-20 21:24:21.000000
1031,کومله,27,2021-08-20 21:24:21.000000
1032,کیاشهر,27,2021-08-20 21:24:21.000000
1033,گوراب زرمیخ,27,2021-08-20 21:24:21.000000
1034,لاهیجان,27,2021-08-20 21:24:21.000000
1035,لشت نشاء,27,2021-08-20 21:24:21.000000
1036,لنگرود,27,2021-08-20 21:24:21.000000
1037,لوشان,27,2021-08-20 21:24:21.000000
1038,لولمان,27,2021-08-20 21:24:21.000000
1039,لوندویل,27,2021-08-20 21:24:21.000000
1040,لیسار,27,2021-08-20 21:24:21.000000
1041,ماسال,27,2021-08-20 21:24:21.000000
1042,ماسوله,27,2021-08-20 21:24:21.000000
1043,ماکلوان,27,2021-08-20 21:24:21.000000
1044,منجیل,27,2021-08-20 21:24:21.000000
1045,هشتپر (تالش),27,2021-08-20 21:24:21.000000
1046,واجارگاه,27,2021-08-20 21:24:21.000000
1047,ازنا,28,2021-08-20 21:24:21.000000
1048,اشترینان,28,2021-08-20 21:24:21.000000
1049,الشتر,28,2021-08-20 21:24:21.000000
1050,الیگودرز,28,2021-08-20 21:24:21.000000
1051,بروجرد,28,2021-08-20 21:24:21.000000
1052,بیران شهر,28,2021-08-20 21:24:21.000000
1053,پلدختر,28,2021-08-20 21:24:21.000000
1054,چالانچولان,28,2021-08-20 21:24:21.000000
1055,چقابل,28,2021-08-20 21:24:21.000000
1056,خرم آباد,28,2021-08-20 21:24:21.000000
1057,معمولان,28,2021-08-20 21:24:21.000000
1058,مومن آباد,28,2021-08-20 21:24:21.000000
1059,نورآباد,28,2021-08-20 21:24:21.000000
1060,هفت چشمه,28,2021-08-20 21:24:21.000000
1061,ویسیان,28,2021-08-20 21:24:21.000000
1062,ارطه,29,2021-08-20 21:24:21.000000
1063,آلاشت,29,2021-08-20 21:24:21.000000
1064,امامزاده عبدالله,29,2021-08-20 21:24:21.000000
1065,آمل,29,2021-08-20 21:24:21.000000
1066,امیرکلا,29,2021-08-20 21:24:21.000000
1067,ایزدشهر,29,2021-08-20 21:24:21.000000
1068,بابل,29,2021-08-20 21:24:21.000000
1069,دورود,28,2021-08-20 21:24:21.000000
1070,زاغه,28,2021-08-20 21:24:21.000000
1071,سپیددشت,28,2021-08-20 21:24:21.000000
1072,سراب دوره,28,2021-08-20 21:24:21.000000
1073,شول آباد,28,2021-08-20 21:24:21.000000
1074,فیروزآباد,28,2021-08-20 21:24:21.000000
1075,کوهدشت,28,2021-08-20 21:24:21.000000
1076,کوهنانی,28,2021-08-20 21:24:21.000000
1077,گراب,28,2021-08-20 21:24:21.000000
1078,بلده,29,2021-08-20 21:24:21.000000
1079,بهشهر,29,2021-08-20 21:24:21.000000
1080,بهنمیر,29,2021-08-20 21:24:21.000000
1081,پایین هولار,29,2021-08-20 21:24:21.000000
1082,پول,29,2021-08-20 21:24:21.000000
1083,تنکابن,29,2021-08-20 21:24:21.000000
1084,جویبار,29,2021-08-20 21:24:21.000000
1085,چالوس,29,2021-08-20 21:24:21.000000
1086,چمستان,29,2021-08-20 21:24:21.000000
1087,خرم آباد,29,2021-08-20 21:24:21.000000
1088,خلیل شهر,29,2021-08-20 21:24:21.000000
1089,خوش رودپی,29,2021-08-20 21:24:21.000000
1090,دابودشت,29,2021-08-20 21:24:21.000000
1091,رامسر,29,2021-08-20 21:24:21.000000
1092,رستمکلا,29,2021-08-20 21:24:21.000000
1093,رویان,29,2021-08-20 21:24:21.000000
1094,رینه,29,2021-08-20 21:24:21.000000
1095,زرگرمحله,29,2021-08-20 21:24:21.000000
1096,زیرآب,29,2021-08-20 21:24:21.000000
1097,ساری,29,2021-08-20 21:24:21.000000
1098,سرخرود,29,2021-08-20 21:24:21.000000
1099,سلمان شهر,29,2021-08-20 21:24:21.000000
1100,سورک,29,2021-08-20 21:24:21.000000
1101,شیرگاه,29,2021-08-20 21:24:21.000000
1102,شیرود,29,2021-08-20 21:24:21.000000
1103,عباس اباد,29,2021-08-20 21:24:21.000000
1104,فریدونکنار,29,2021-08-20 21:24:21.000000
1105,فریم,29,2021-08-20 21:24:21.000000
1106,قایم شهر,29,2021-08-20 21:24:21.000000
1107,کتالم وسادات شهر,29,2021-08-20 21:24:21.000000
1108,کلارآباد,29,2021-08-20 21:24:21.000000
1109,کلاردشت,29,2021-08-20 21:24:21.000000
1110,کوهی خیل,29,2021-08-20 21:24:21.000000
1111,کیاسر,29,2021-08-20 21:24:21.000000
1112,کیاکلا,29,2021-08-20 21:24:21.000000
1113,گتاب,29,2021-08-20 21:24:21.000000
1114,گزنک,29,2021-08-20 21:24:21.000000
1115,گلوگاه,29,2021-08-20 21:24:21.000000
1116,گلوگاه,29,2021-08-20 21:24:21.000000
1117,محمودآباد,29,2021-08-20 21:24:21.000000
1118,مرزن آباد,29,2021-08-20 21:24:21.000000
1119,مرزیکلا,29,2021-08-20 21:24:21.000000
1120,نشتارود,29,2021-08-20 21:24:21.000000
1121,نکا,29,2021-08-20 21:24:21.000000
1122,نور,29,2021-08-20 21:24:21.000000
1123,نوشهر,29,2021-08-20 21:24:21.000000
1124,هادی شهر,29,2021-08-20 21:24:21.000000
1125,هچیرود,29,2021-08-20 21:24:21.000000
1126,اراک,30,2021-08-20 21:24:21.000000
1127,آستانه,30,2021-08-20 21:24:21.000000
1128,آشتیان,30,2021-08-20 21:24:21.000000
1129,آوه,30,2021-08-20 21:24:21.000000
1130,پرندک,30,2021-08-20 21:24:21.000000
1131,تفرش,30,2021-08-20 21:24:21.000000
1132,توره,30,2021-08-20 21:24:21.000000
1133,جاورسیان,30,2021-08-20 21:24:21.000000
1134,خشکرود,30,2021-08-20 21:24:21.000000
1135,خمین,30,2021-08-20 21:24:21.000000
1136,خنجین,30,2021-08-20 21:24:21.000000
1137,خنداب,30,2021-08-20 21:24:21.000000
1138,داودآباد,30,2021-08-20 21:24:21.000000
1139,دلیجان,30,2021-08-20 21:24:21.000000
1140,رازقان,30,2021-08-20 21:24:21.000000
1141,زاویه,30,2021-08-20 21:24:21.000000
1142,ساروق,30,2021-08-20 21:24:21.000000
1143,ساوه,30,2021-08-20 21:24:21.000000
1144,شازند,30,2021-08-20 21:24:21.000000
1145,شهباز,30,2021-08-20 21:24:21.000000
1146,غرق آباد,30,2021-08-20 21:24:21.000000
1147,فرمهین,30,2021-08-20 21:24:21.000000
1148,قورچی باشی,30,2021-08-20 21:24:21.000000
1149,کارچان,30,2021-08-20 21:24:21.000000
1150,کمیجان,30,2021-08-20 21:24:21.000000
1151,مامونیه,30,2021-08-20 21:24:21.000000
1152,محلات,30,2021-08-20 21:24:21.000000
1153,مهاجران,30,2021-08-20 21:24:21.000000
1154,میلاجرد,30,2021-08-20 21:24:21.000000
1155,نراق,30,2021-08-20 21:24:21.000000
1156,نوبران,30,2021-08-20 21:24:21.000000
1157,نیمور,30,2021-08-20 21:24:21.000000
1158,هندودر,30,2021-08-20 21:24:21.000000
1159,ابوموسی,31,2021-08-20 21:24:21.000000
1160,بستک,31,2021-08-20 21:24:21.000000
1161,بندرجاسک,31,2021-08-20 21:24:21.000000
1162,بندرعباس,31,2021-08-20 21:24:21.000000
1163,بندرلنگه,31,2021-08-20 21:24:21.000000
1164,بیکاء,31,2021-08-20 21:24:21.000000
1165,پارسیان,31,2021-08-20 21:24:21.000000
1166,تازیان پایین,31,2021-08-20 21:24:21.000000
1167,تخت,31,2021-08-20 21:24:21.000000
1168,تیرور,31,2021-08-20 21:24:21.000000
1169,جناح,31,2021-08-20 21:24:21.000000
1170,چارک,31,2021-08-20 21:24:21.000000
1171,حاجی اباد,31,2021-08-20 21:24:21.000000
1172,خمیر,31,2021-08-20 21:24:21.000000
1173,درگهان,31,2021-08-20 21:24:21.000000
1174,دشتی,31,2021-08-20 21:24:21.000000
1175,دهبارز,31,2021-08-20 21:24:21.000000
1176,رویدر,31,2021-08-20 21:24:21.000000
1177,زیارتعلی,31,2021-08-20 21:24:21.000000
1178,سردشت,31,2021-08-20 21:24:21.000000
1179,سرگز,31,2021-08-20 21:24:21.000000
1180,سندرک,31,2021-08-20 21:24:21.000000
1181,سوزا,31,2021-08-20 21:24:21.000000
1182,سیریک,31,2021-08-20 21:24:21.000000
1183,فارغان,31,2021-08-20 21:24:21.000000
1184,فین,31,2021-08-20 21:24:21.000000
1185,قشم,31,2021-08-20 21:24:21.000000
1186,قلعه قاضی,31,2021-08-20 21:24:21.000000
1187,کنگ,31,2021-08-20 21:24:21.000000
1188,کوشکنار,31,2021-08-20 21:24:21.000000
1189,کوهستک,31,2021-08-20 21:24:21.000000
1190,کیش,31,2021-08-20 21:24:21.000000
1191,گروک,31,2021-08-20 21:24:21.000000
1192,گوهران,31,2021-08-20 21:24:21.000000
1193,لمزان,31,2021-08-20 21:24:21.000000
1194,میناب,31,2021-08-20 21:24:21.000000
1195,هرمز,31,2021-08-20 21:24:21.000000
1196,هشتبندی,31,2021-08-20 21:24:21.000000
1197,آجین,32,2021-08-20 21:24:21.000000
1198,ازندریان,32,2021-08-20 21:24:21.000000
1199,اسدآباد,32,2021-08-20 21:24:21.000000
1200,برزول,32,2021-08-20 21:24:21.000000
1201,کجور,29,2021-08-20 21:24:21.000000
1202,تویسرکان,32,2021-08-20 21:24:21.000000
1203,جورقان,32,2021-08-20 21:24:21.000000
1204,دمق,32,2021-08-20 21:24:21.000000
1205,رزن,32,2021-08-20 21:24:21.000000
1206,زنگنه,32,2021-08-20 21:24:21.000000
1207,سامن,32,2021-08-20 21:24:21.000000
1208,سرکان,32,2021-08-20 21:24:21.000000
1209,شیرین سو,32,2021-08-20 21:24:21.000000
1210,صالح آباد,32,2021-08-20 21:24:21.000000
1211,فرسفج,32,2021-08-20 21:24:21.000000
1212,فیروزان,32,2021-08-20 21:24:21.000000
1213,قروه درجزین,32,2021-08-20 21:24:21.000000
1214,قهاوند,32,2021-08-20 21:24:21.000000
1215,کبودرآهنگ,32,2021-08-20 21:24:21.000000
1216,گل تپه,32,2021-08-20 21:24:21.000000
1217,گیان,32,2021-08-20 21:24:21.000000
1218,لالجین,32,2021-08-20 21:24:21.000000
1219,مریانج,32,2021-08-20 21:24:21.000000
1220,ملایر,32,2021-08-20 21:24:21.000000
1221,مهاجران,32,2021-08-20 21:24:21.000000
1222,نهاوند,32,2021-08-20 21:24:21.000000
1223,همدان,32,2021-08-20 21:24:21.000000
1224,ابرکوه,33,2021-08-20 21:24:21.000000
1225,احمدآباد,33,2021-08-20 21:24:21.000000
1226,اردکان,33,2021-08-20 21:24:21.000000
1227,بافق,33,2021-08-20 21:24:21.000000
1228,بفروییه,33,2021-08-20 21:24:21.000000
1229,بهاباد,33,2021-08-20 21:24:21.000000
1230,حمیدیا,33,2021-08-20 21:24:21.000000
1231,خضرآباد,33,2021-08-20 21:24:21.000000
1232,زارچ,33,2021-08-20 21:24:21.000000
1233,شاهدیه,33,2021-08-20 21:24:21.000000
1234,عقدا,33,2021-08-20 21:24:21.000000
1235,مروست,33,2021-08-20 21:24:21.000000
1236,مهردشت,33,2021-08-20 21:24:21.000000
1237,مهریز,33,2021-08-20 21:24:21.000000
1238,میبد,33,2021-08-20 21:24:21.000000
1239,ندوشن,33,2021-08-20 21:24:21.000000
1240,نیر,33,2021-08-20 21:24:21.000000
1241,هرات,33,2021-08-20 21:24:21.000000
1242,یزد,33,2021-08-20 21:24:21.000000
1243,اشکذر,33,2021-08-20 21:24:21.000000
1244,تفت,33,2021-08-20 21:24:21.000000
1245,حسن اباد,6,2021-08-20 21:24:21.000000
1246,ملارد,10,2021-08-20 21:24:21.000000
