id,title,created_at
3,آذربایجان شرقی,2021-08-20 20:57:46.000000
4,آذربایجان غربی,2021-08-20 20:57:46.000000
5,اردبیل,2021-08-20 20:57:46.000000
6,اصفهان,2021-08-20 20:57:46.000000
7,البرز,2021-08-20 20:57:46.000000
8,ایلام,2021-08-20 20:57:46.000000
9,بوشهر,2021-08-20 20:57:46.000000
10,تهران,2021-08-20 20:57:46.000000
11,چهارمحال و بختیاری,2021-08-20 20:57:46.000000
12,خراسان جنوبی,2021-08-20 20:57:46.000000
13,خراسان رضوی,2021-08-20 20:57:46.000000
14,خراسان شمالی,2021-08-20 20:57:46.000000
15,خوزستان,2021-08-20 20:57:46.000000
16,زنجان,2021-08-20 20:57:46.000000
17,سمنان,2021-08-20 20:57:46.000000
18,سیستان و بلوچستان,2021-08-20 20:57:46.000000
19,فارس,2021-08-20 20:57:46.000000
20,قزوین,2021-08-20 20:57:46.000000
21,قم,2021-08-20 20:57:46.000000
22,کردستان,2021-08-20 20:57:46.000000
23,كرمان,2021-08-20 20:57:46.000000
24,کرمانشاه,2021-08-20 20:57:46.000000
25,کهگیلویه و بویراحمد,2021-08-20 20:57:46.000000
26,گلستان,2021-08-20 20:57:46.000000
27,گیلان,2021-08-20 20:57:46.000000
28,لرستان,2021-08-20 20:57:46.000000
29,مازندران,2021-08-20 20:57:46.000000
30,مركزی,2021-08-20 20:57:46.000000
31,هرمزگان,2021-08-20 20:57:46.000000
32,همدان,2021-08-20 20:57:46.000000
33,یزد,2021-08-20 20:57:46.000000
